City_ID,City,Country,Lat,Lng,Max Temp,Humidity,Cloudiness,Wind Speed,Current Description
0,Constitucion,CL,-35.3333,-72.4167,59.52,57,37,5.46,scattered clouds
1,Hasaki,JP,35.7333,140.8333,70.29,89,56,9.19,broken clouds
2,Saskylakh,RU,71.9167,114.0833,18.48,96,100,5.53,overcast clouds
3,Kodiak,US,57.79,-152.4072,45.84,76,18,11.79,few clouds
4,Hermanus,ZA,-34.4187,19.2345,62.8,83,82,11.18,light rain
5,Albany,US,42.6001,-73.9662,75.81,70,74,3.13,broken clouds
6,Iqaluit,CA,63.7506,-68.5145,31.73,100,90,5.75,mist
7,Mataura,NZ,-46.1927,168.8643,50.49,100,100,2.19,overcast clouds
8,Bengkulu,ID,-3.8004,102.2655,75.67,90,98,5.44,overcast clouds
9,Ushuaia,AR,-54.8,-68.3,47.82,70,75,29.93,light rain
10,Ribeira Grande,PT,38.5167,-28.7,70.2,60,20,8.05,few clouds
11,Rikitea,PF,-23.1203,-134.9692,74.16,75,10,9.73,clear sky
12,Anchorage,US,61.2181,-149.9003,43.75,89,90,4.0,light rain
13,Nador,MA,35.174,-2.9287,68.25,83,0,3.44,clear sky
14,Kalmar,SE,56.6616,16.3616,49.14,99,90,3.44,overcast clouds
15,Labuhan,ID,-6.8844,112.2051,77.81,75,70,9.17,broken clouds
16,Perth,AU,-31.9333,115.8333,49.78,91,0,0.0,clear sky
17,Lynn Haven,US,30.2455,-85.6483,87.91,64,75,3.0,broken clouds
18,Narsaq,GL,60.9167,-46.05,41.22,53,1,3.44,clear sky
19,Vaini,TO,-21.2,-175.2,80.76,83,75,4.61,broken clouds
20,Bethel,US,41.3712,-73.414,74.64,74,75,6.91,broken clouds
21,Kapaa,US,22.0752,-159.319,87.78,68,75,5.01,broken clouds
22,San Patricio,US,28.017,-97.5169,90.01,39,0,9.82,clear sky
23,Verkhnevilyuysk,RU,63.4453,120.3167,33.51,95,100,8.43,overcast clouds
24,Cap Malheureux,MU,-19.9842,57.6142,69.48,74,0,1.99,clear sky
25,Navahrudak,BY,53.6,25.8333,37.62,67,0,5.32,clear sky
26,Beringovskiy,RU,63.05,179.3167,31.53,97,100,11.56,snow
27,Mackay,AU,-21.15,149.2,67.05,77,1,4.61,clear sky
28,Bolshoye Nagatkino,RU,54.5196,47.9679,41.34,63,4,6.82,clear sky
29,Busselton,AU,-33.65,115.3333,49.05,81,72,9.04,broken clouds
30,Bluff,NZ,-46.6,168.3333,50.81,92,100,8.72,overcast clouds
31,Lisakovsk,KZ,52.5369,62.4936,42.71,58,0,4.88,clear sky
32,Castro,BR,-24.7911,-50.0119,66.4,83,99,4.32,overcast clouds
33,Jamestown,US,42.097,-79.2353,77.29,60,40,5.75,scattered clouds
34,Tasiilaq,GL,65.6145,-37.6368,37.56,68,100,12.08,light rain
35,Souillac,MU,-20.5167,57.5167,69.37,76,48,9.73,scattered clouds
36,Yulara,AU,-25.2406,130.9889,69.64,37,11,5.75,few clouds
37,East London,ZA,-33.0153,27.9116,64.62,83,3,12.48,clear sky
38,Natal,BR,-5.795,-35.2094,83.05,74,40,16.11,scattered clouds
39,Nizhniy Baskunchak,RU,48.2198,46.8311,43.9,35,8,7.74,clear sky
40,Chunoyar,RU,57.4467,97.3217,37.98,97,100,11.61,overcast clouds
41,Paamiut,GL,61.994,-49.6678,35.82,61,0,10.22,clear sky
42,Moyale,KE,3.5167,39.0584,75.61,47,64,6.06,broken clouds
43,Butaritari,KI,3.0707,172.7902,82.54,70,37,12.68,scattered clouds
44,Ilulissat,GL,69.2167,-51.1,26.62,36,1,9.22,clear sky
45,Touros,BR,-5.1989,-35.4608,83.3,76,99,14.99,overcast clouds
46,Punta Arenas,CL,-53.15,-70.9167,46.51,49,20,35.68,few clouds
47,Kajaani,FI,64.2273,27.7285,50.05,100,90,8.05,light intensity drizzle
48,San Juan,AR,-31.5375,-68.5364,73.22,29,30,23.85,scattered clouds
49,Pevek,RU,69.7008,170.3133,22.06,84,98,3.36,overcast clouds
50,North Platte,US,41.1239,-100.7654,84.09,31,1,1.99,clear sky
51,Faanui,PF,-16.4833,-151.75,77.99,71,0,3.42,clear sky
52,Ereymentau,KZ,51.6199,73.1033,38.17,78,1,7.81,clear sky
53,Ossora,RU,59.2353,163.0719,30.83,68,69,5.91,broken clouds
54,Tucuman,AR,-26.8241,-65.2226,77.0,38,75,13.8,broken clouds
55,Port Alfred,ZA,-33.5906,26.891,63.34,83,45,14.03,scattered clouds
56,Georgetown,MY,5.4112,100.3354,80.89,91,20,0.0,few clouds
57,Lompoc,US,34.6391,-120.4579,72.01,53,1,13.8,clear sky
58,Hirara,JP,24.8,125.2833,82.35,71,100,18.92,overcast clouds
59,Mogadishu,SO,2.0371,45.3438,79.11,79,5,18.54,clear sky
60,Lithakia,GR,37.7167,20.8333,69.22,88,75,9.22,broken clouds
61,Turukhansk,RU,65.8167,87.9833,38.03,98,100,13.02,moderate rain
62,Qaanaaq,GL,77.484,-69.3632,23.18,75,100,7.54,overcast clouds
63,Upernavik,GL,72.7868,-56.1549,26.42,50,100,5.08,overcast clouds
64,Ostrovnoy,RU,68.0531,39.5131,37.69,89,100,8.46,overcast clouds
65,Namatanai,PG,-3.6667,152.4333,78.87,85,100,5.68,moderate rain
66,Tuatapere,NZ,-46.1333,167.6833,50.83,94,100,7.38,overcast clouds
67,Longyearbyen,SJ,78.2186,15.6401,15.64,79,0,12.66,clear sky
68,Oussouye,SN,12.485,-16.5469,82.45,71,99,4.41,overcast clouds
69,Xam Nua,LA,20.4197,104.0439,64.83,92,100,1.32,overcast clouds
70,Puerto Ayora,EC,-0.7393,-90.3518,80.56,90,97,13.0,overcast clouds
71,Fortuna,US,40.5982,-124.1573,63.19,59,72,1.99,broken clouds
72,Lewistown,US,40.5992,-77.5714,76.77,73,90,5.75,overcast clouds
73,Khatanga,RU,71.9667,102.5,18.18,97,96,2.91,overcast clouds
74,Saltpond,GH,5.2091,-1.0606,78.6,89,96,8.39,overcast clouds
75,Cape Town,ZA,-33.9258,18.4232,60.12,93,98,3.85,overcast clouds
76,Torbay,CA,47.6666,-52.7314,46.27,85,90,19.57,light rain
77,Esperance,AU,-33.8667,121.9,53.22,76,13,14.74,few clouds
78,Sampit,ID,-2.5333,112.95,74.7,97,99,1.86,overcast clouds
79,Hobart,AU,-42.8794,147.3294,54.05,66,75,1.01,broken clouds
80,Hofn,IS,64.2539,-15.2082,48.4,90,99,7.2,overcast clouds
81,Kumluca,TR,36.3703,30.2869,72.3,64,5,3.98,clear sky
82,Bereda,ES,43.2686,-7.5406,58.57,100,48,3.76,scattered clouds
83,Victoria,HK,22.2855,114.1577,82.38,91,100,1.01,moderate rain
84,Aykhal,RU,66.0,111.5,30.24,96,100,24.54,light snow
85,Kilindoni,TZ,-7.9139,39.6668,77.76,75,1,14.58,clear sky
86,Inta,RU,66.0317,60.1659,36.72,78,86,25.75,overcast clouds
87,Tautira,PF,-17.7333,-149.15,80.62,75,28,2.66,scattered clouds
88,Namibe,AO,-15.1961,12.1522,66.0,76,99,6.13,overcast clouds
89,Anito,PH,12.4497,125.2886,78.35,90,100,14.27,overcast clouds
90,Asau,RO,46.4333,26.4,45.52,46,100,5.79,light rain
91,Acarau,BR,-2.8856,-40.12,82.02,74,11,18.3,few clouds
92,Chuy,UY,-33.6971,-53.4616,55.51,60,88,8.01,overcast clouds
93,Bredasdorp,ZA,-34.5322,20.0403,62.28,77,99,13.22,overcast clouds
94,Tilichiki,RU,60.4667,166.1,24.82,78,24,3.83,few clouds
95,Hilo,US,19.7297,-155.09,78.53,82,75,4.61,heavy intensity rain
96,Lagoa,PT,39.05,-27.9833,68.74,60,0,5.57,clear sky
97,Magadan,RU,59.5667,150.8,30.25,66,27,4.45,scattered clouds
98,Te Anau,NZ,-45.4167,167.7167,46.49,95,100,0.83,overcast clouds
99,Pangnirtung,CA,66.1451,-65.7125,34.43,78,89,2.24,overcast clouds
100,Griffith,US,41.5284,-87.4237,76.08,72,40,3.0,scattered clouds
101,Luganville,VU,-15.5333,167.1667,77.9,85,97,11.05,overcast clouds
102,Maralal,KE,1.0968,36.698,64.15,72,57,3.6,light rain
103,Zhigansk,RU,66.7697,123.3711,24.96,86,100,24.94,overcast clouds
104,Yellowknife,CA,62.456,-114.3525,44.42,82,100,8.99,overcast clouds
105,Ellisras,ZA,-23.6649,27.7443,76.3,43,1,5.12,clear sky
106,Pacific Grove,US,36.6177,-121.9166,69.58,59,1,5.01,clear sky
107,Leningradskiy,RU,69.3833,178.4167,23.09,96,100,2.26,light snow
108,Rehoboth,NA,-23.3167,17.0833,66.92,9,0,8.39,clear sky
109,Sabang,ID,5.8933,95.3214,82.45,78,100,22.39,overcast clouds
110,Bongaree,AU,-27.0797,153.1586,66.47,89,5,3.49,clear sky
111,Tuktoyaktuk,CA,69.4541,-133.0374,31.23,83,86,3.29,overcast clouds
112,Cabo Rojo,PR,18.0866,-67.1457,90.25,69,45,5.99,scattered clouds
113,Sao Filipe,CV,14.8961,-24.4956,80.42,77,6,9.51,clear sky
114,Caravelas,BR,-17.7125,-39.2481,75.09,76,98,11.81,overcast clouds
115,Sur,OM,22.5667,59.5289,83.5,54,1,9.4,clear sky
116,Road Town,VG,18.4167,-64.6167,86.04,70,20,10.36,few clouds
117,Aklavik,CA,68.2191,-135.0107,30.92,74,21,4.36,few clouds
118,Qaqortoq,GL,60.7167,-46.0333,41.5,52,3,4.56,clear sky
119,Guiglo,CI,6.5456,-7.4966,76.03,84,80,2.46,broken clouds
120,Kahului,US,20.8947,-156.47,83.46,78,40,19.57,scattered clouds
121,Rosetta,EG,31.4044,30.4164,72.43,65,0,10.27,clear sky
122,Kedougou,SN,12.5579,-12.1743,83.23,72,70,2.75,broken clouds
123,Nikolskoye,RU,59.7035,30.7861,51.03,60,100,7.16,light rain
124,Mahebourg,MU,-20.4081,57.7,69.26,75,14,9.71,few clouds
125,Bilma,NE,18.6853,12.9164,84.81,16,69,5.53,broken clouds
126,Atuona,PF,-9.8,-139.0333,77.9,72,3,15.17,clear sky
127,Ponta Do Sol,PT,32.6667,-17.1,72.23,66,35,4.61,scattered clouds
128,Warrnambool,AU,-38.3833,142.4833,50.81,60,100,9.8,overcast clouds
129,Hithadhoo,MV,-0.6,73.0833,82.53,71,97,8.5,overcast clouds
130,Ylivieska,FI,64.0833,24.55,50.88,96,100,8.03,overcast clouds
131,Diplo,PK,24.4667,69.584,84.78,62,3,8.68,clear sky
132,Muros,ES,42.7762,-9.0603,68.5,91,100,2.42,overcast clouds
133,Port Hardy,CA,50.6996,-127.4199,49.5,84,99,9.8,overcast clouds
134,Badajoz,ES,38.6667,-6.1667,74.3,43,0,4.14,clear sky
135,Cururupu,BR,-1.8283,-44.8683,83.97,65,18,6.51,few clouds
136,Tiksi,RU,71.6872,128.8694,15.31,89,100,10.09,overcast clouds
137,Meulaboh,ID,4.1363,96.1285,76.68,88,100,3.85,overcast clouds
138,Tignere,CM,7.3667,12.65,67.03,90,100,1.28,overcast clouds
139,Carnarvon,AU,-24.8667,113.6333,62.67,67,1,20.71,clear sky
140,Boffa,GN,10.1667,-14.0333,81.5,89,91,3.76,light rain
141,Cidreira,BR,-30.1811,-50.2056,64.18,71,100,15.12,overcast clouds
142,Vestmannaeyjar,IS,63.4427,-20.2734,49.32,92,41,17.47,scattered clouds
143,Sakyla,FI,61.0333,22.3333,53.19,88,100,6.76,overcast clouds
144,Ugoofaaru,MV,5.6667,73.0,82.33,79,38,16.42,scattered clouds
145,Oranjemund,NA,-28.55,16.4333,56.59,84,4,4.99,clear sky
146,Brora,GB,58.0099,-3.8518,62.06,99,100,4.07,overcast clouds
147,Chokwe,MZ,-24.5333,32.9833,76.21,45,0,13.89,clear sky
148,Yaan,NG,7.3833,8.5667,78.22,83,100,4.16,overcast clouds
149,Lighthouse Point,US,26.2756,-80.0873,90.05,74,90,9.22,overcast clouds
150,Panguna,PG,-6.3164,155.4848,69.69,97,100,3.76,moderate rain
151,Tual,ID,-5.6667,132.75,82.09,78,96,11.05,overcast clouds
152,Lavrentiya,RU,65.5833,-171.0,34.68,91,100,17.9,light rain
153,Port Elizabeth,ZA,-33.918,25.5701,58.1,78,95,6.67,overcast clouds
154,Livingston,GB,55.9029,-3.5226,60.48,85,0,9.22,clear sky
155,Boma,GH,7.0805,-2.1697,74.46,94,94,1.99,light rain
156,Paranaiba,BR,-19.6772,-51.1908,95.68,28,94,6.49,overcast clouds
157,Mar Del Plata,AR,-38.0023,-57.5575,57.22,62,0,10.0,clear sky
158,Saint-Philippe,RE,-21.3585,55.7679,67.59,81,55,13.85,light rain
159,Waterfoot,GB,53.6929,-2.2525,59.56,95,70,3.42,broken clouds
160,Ponta Delgada,PT,37.7333,-25.6667,71.51,77,20,8.05,few clouds
161,Ostuni,IT,40.7276,17.5764,61.59,74,40,1.7,scattered clouds
162,Amuntai,ID,-2.4177,115.2494,74.03,97,100,2.08,overcast clouds
163,Provideniya,RU,64.3833,-173.3,34.83,93,100,12.91,overcast clouds
164,Mendeleyevsk,RU,55.9082,52.2905,36.64,70,2,6.6,clear sky
165,Kaitangata,NZ,-46.2817,169.8464,48.87,96,100,4.36,moderate rain
166,Mayo,US,38.8876,-76.5119,78.91,60,1,4.0,clear sky
167,Igrim,RU,63.1906,64.4162,40.86,68,94,15.52,overcast clouds
168,Suntar,RU,62.1444,117.6319,34.3,96,100,8.21,overcast clouds
169,Dasoguz,TM,41.8363,59.9666,41.11,50,0,8.68,clear sky
170,Mehamn,NO,71.0357,27.8492,37.58,86,75,4.61,broken clouds
171,Bambanglipuro,ID,-7.95,110.2833,59.61,82,92,5.46,overcast clouds
172,Saint George,US,37.1041,-113.5841,61.39,84,90,3.0,light rain
173,Kamina,CD,-8.7386,24.9906,73.13,37,0,0.65,clear sky
174,Nome,US,64.5011,-165.4064,37.47,87,90,21.85,light rain
175,Vanimo,PG,-2.6741,141.3028,78.31,90,71,6.71,broken clouds
176,Severo-Kurilsk,RU,50.6789,156.125,45.59,85,95,11.03,light rain
177,Pozoblanco,ES,38.3791,-4.8483,66.78,37,3,3.42,clear sky
178,Novobirilyussy,RU,56.9514,90.6661,39.2,97,100,13.76,light rain
179,Vila Franca Do Campo,PT,37.7167,-25.4333,71.2,79,8,4.97,clear sky
180,Tromso,NO,69.6496,18.957,36.37,80,0,3.44,clear sky
181,Upata,VE,8.0086,-62.3989,82.47,70,86,3.87,overcast clouds
182,Ananindeua,BR,-1.3656,-48.3722,84.11,70,75,5.75,broken clouds
183,Kyotera,UG,-0.6156,31.5175,69.73,72,73,1.12,broken clouds
184,Jieshi,CN,22.8134,115.8257,77.95,88,100,21.0,moderate rain
185,Sao Jose Da Coroa Grande,BR,-8.8978,-35.1478,78.04,76,100,9.46,overcast clouds
186,Inongo,CD,-1.95,18.2667,74.71,85,85,2.26,overcast clouds
187,Yerraguntla,IN,14.6372,78.5395,80.94,79,100,3.49,overcast clouds
188,Half Moon Bay,US,37.4636,-122.4286,68.92,57,20,1.01,few clouds
189,Sungairaya,ID,0.7,108.9,77.77,86,56,6.38,broken clouds
190,Waycross,US,31.2136,-82.354,81.07,83,75,0.0,broken clouds
191,Klaksvik,FO,62.2266,-6.589,50.92,96,95,15.88,overcast clouds
192,Berbera,SO,10.4396,45.0143,87.98,71,9,9.66,clear sky
193,New Norfolk,AU,-42.7826,147.0587,53.71,47,83,4.05,broken clouds
194,Alekseyevsk,RU,57.8406,108.3492,34.34,96,100,9.28,overcast clouds
195,Longview,US,32.5007,-94.7405,92.98,34,1,1.99,clear sky
196,Ahuimanu,US,21.4447,-157.8378,83.91,58,40,18.41,scattered clouds
197,Rundu,NA,-17.9333,19.7667,75.38,40,0,3.74,clear sky
198,Oksfjord,NO,70.2396,22.3479,38.32,90,100,6.76,overcast clouds
199,Maumere,ID,-8.6199,122.2111,78.93,80,65,8.01,broken clouds
200,Careiro Da Varzea,BR,-3.2003,-59.8119,86.61,81,100,5.66,light rain
201,Coquimbo,CL,-29.9533,-71.3436,62.33,59,20,14.97,few clouds
202,Laguna De Perlas,NI,12.3429,-83.6712,81.93,85,100,10.07,overcast clouds
203,Atar,MR,20.5169,-13.0499,95.07,7,100,6.46,overcast clouds
204,Awjilah,LY,29.1081,21.2869,79.38,23,0,7.63,clear sky
205,Hanchuan,CN,30.65,113.7667,63.34,84,100,10.78,overcast clouds
206,Tanete,ID,-3.9443,119.7848,74.73,88,97,3.69,overcast clouds
207,Mucurapo,TT,10.6667,-61.5333,87.13,69,38,2.28,scattered clouds
208,Takoradi,GH,4.8845,-1.7554,78.15,88,62,7.49,broken clouds
209,Roma,US,43.2128,-75.4557,76.42,62,1,0.0,clear sky
210,Grindavik,IS,63.8424,-22.4338,48.9,93,75,14.97,broken clouds
211,Davila,PH,18.4726,120.5763,79.74,84,100,5.12,overcast clouds
212,Unai,BR,-16.3575,-46.9061,92.21,29,91,3.2,overcast clouds
213,Macaubas,BR,-13.0194,-42.6986,94.75,17,60,7.16,broken clouds
214,Plaridel,PH,14.8872,120.8572,81.1,85,100,2.91,overcast clouds
215,Arraial Do Cabo,BR,-22.9661,-42.0278,71.46,60,75,5.75,broken clouds
216,Krasnoarmeysk,RU,51.0239,45.6969,45.28,61,8,4.16,clear sky
217,Cartagena,CO,10.3997,-75.5144,89.22,62,20,8.05,few clouds
218,Norman Wells,CA,65.282,-126.8329,37.47,75,94,5.35,overcast clouds
219,Marion,US,39.7684,-86.1555,79.2,72,40,3.44,scattered clouds
220,Evensk,RU,61.95,159.2333,21.94,62,24,7.31,few clouds
221,Airai,TL,-8.9266,125.4092,59.74,57,37,2.86,scattered clouds
222,Lekoni,GA,-1.5843,14.2591,77.49,80,94,2.75,overcast clouds
223,Geraldton,AU,-28.7667,114.6,48.61,87,2,9.22,clear sky
224,Inuvik,CA,68.3499,-133.7218,30.96,93,90,4.61,light snow
225,Pringsewu,ID,-5.3582,104.9744,74.84,93,83,3.65,broken clouds
226,Cherskiy,RU,68.75,161.3,-2.97,100,88,3.06,overcast clouds
227,Lagunas,PE,-5.2269,-75.6753,87.21,56,100,2.75,overcast clouds
228,Pierre,US,44.3683,-100.351,82.06,50,1,4.0,clear sky
229,Prince Rupert,CA,54.3161,-130.3201,48.29,93,90,13.8,light rain
230,Laguna,US,38.421,-121.4238,69.48,54,40,4.0,scattered clouds
231,Teya,RU,60.3778,92.6267,38.39,97,100,12.06,light rain
232,Kruisfontein,ZA,-34.0033,24.7314,55.89,75,60,4.94,broken clouds
233,Isangel,VU,-19.55,169.2667,73.35,75,37,10.31,scattered clouds
234,Deputatskiy,RU,69.3,139.9,13.35,95,89,3.71,overcast clouds
235,Ambilobe,MG,-13.2,49.05,75.74,61,77,5.88,broken clouds
236,Drayton Valley,CA,53.2168,-114.9854,49.91,27,5,7.18,clear sky
237,Itanhaem,BR,-24.1831,-46.7889,72.25,83,100,8.84,overcast clouds
238,Chokurdakh,RU,70.6333,147.9167,6.3,92,84,7.74,broken clouds
239,Northam,GB,51.0333,-4.2167,61.39,88,51,7.4,broken clouds
240,Adrar,MR,20.5022,-10.0711,92.71,7,100,9.06,overcast clouds
241,Marsh Harbour,BS,26.5412,-77.0636,82.42,65,94,6.85,overcast clouds
242,Fatehpur,IN,25.9333,80.8,77.85,52,0,0.87,clear sky
243,Sao Joao Da Barra,BR,-21.6403,-41.0511,71.69,69,100,8.01,overcast clouds
244,Shimoda,JP,34.6667,138.95,68.11,83,6,2.77,clear sky
245,Codrington,AU,-38.2667,141.9667,46.0,70,93,8.97,overcast clouds
246,Avarua,CK,-21.2078,-159.775,77.05,69,90,5.75,overcast clouds
247,Kalmunai,LK,7.4167,81.8167,80.71,74,99,4.68,overcast clouds
248,Yantai,CN,37.5333,121.4,64.62,84,100,6.62,overcast clouds
249,Fort Nelson,CA,58.8053,-122.7002,48.24,45,5,3.71,clear sky
250,Virginia Beach,US,36.8529,-75.978,75.42,71,90,1.01,overcast clouds
251,Barrow,US,71.2906,-156.7887,30.22,80,90,14.97,haze
252,Hervey Bay,AU,-25.2986,152.8535,66.04,78,0,5.86,clear sky
253,Amahai,ID,-3.3333,128.9167,77.54,89,77,1.86,heavy intensity rain
254,Svetlaya,RU,46.5389,138.3297,44.82,65,0,6.29,clear sky
255,Xingtai,CN,37.0631,114.4942,59.41,81,100,0.54,light rain
256,Acaponeta,MX,22.4964,-105.3594,95.34,44,3,4.72,clear sky
257,Kapit,MY,2.0167,112.9333,74.43,98,96,0.72,overcast clouds
258,Tucurui,BR,-3.7661,-49.6725,96.53,33,95,3.8,overcast clouds
259,Katangli,RU,51.7102,143.2326,34.72,87,17,9.08,few clouds
260,Pingxiang,CN,27.6167,113.85,68.25,94,100,1.81,overcast clouds
261,Coahuayana,MX,18.7333,-103.6833,92.68,61,57,6.13,broken clouds
262,Hami,CN,42.8,93.45,37.36,37,0,5.28,clear sky
263,Esil,KZ,51.9556,66.4042,41.88,64,0,5.28,clear sky
264,Diffa,NE,13.3154,12.6113,88.02,15,100,6.11,overcast clouds
265,Kupang,ID,-10.1667,123.5833,76.71,84,50,4.9,scattered clouds
266,Nuristan,AF,35.3,70.8333,37.15,43,0,7.56,clear sky
267,Vila Velha,BR,-20.3297,-40.2925,71.55,73,90,8.05,overcast clouds
268,Askim,NO,59.5833,11.1629,56.32,96,100,1.01,overcast clouds
269,Sungaipenuh,ID,-2.0833,101.3833,65.39,96,91,0.81,overcast clouds
270,Sosnovo,RU,60.5514,30.2144,50.61,66,100,9.84,light rain
271,Zhengjiatun,CN,43.5064,123.5064,53.33,67,100,8.01,overcast clouds
272,Thompson,CA,55.7435,-97.8558,52.41,36,100,3.56,overcast clouds
273,Lebu,CL,-37.6167,-73.65,56.08,74,22,7.05,few clouds
274,Sidney,AU,-33.8679,151.2073,55.58,90,82,5.68,broken clouds
275,Tolaga Bay,NZ,-38.3667,178.3,61.65,61,5,2.84,clear sky
276,Komsomolskiy,UZ,40.4272,71.7189,54.82,71,22,6.91,few clouds
277,Sistranda,NO,63.7256,8.834,52.9,93,100,10.65,overcast clouds
278,Port Blair,IN,11.6667,92.75,79.79,86,100,23.2,overcast clouds
279,Piacabucu,BR,-10.4056,-36.4344,79.0,74,37,8.97,scattered clouds
280,Petropavlovsk-Kamchatskiy,RU,53.0452,158.6483,28.99,69,75,6.71,broken clouds
281,Husyatyn,UA,49.0726,26.2141,42.78,45,0,8.32,clear sky
282,Flin Flon,CA,54.7682,-101.865,56.57,27,0,5.55,clear sky
283,Liberty,US,31.8335,-81.5004,79.05,88,51,1.01,broken clouds
284,Bhuj,IN,23.2667,69.6667,84.36,62,14,5.68,few clouds
285,Arona,ES,28.0996,-16.681,67.82,74,20,14.97,few clouds
286,Srednekolymsk,RU,67.45,153.6833,6.78,94,67,2.84,broken clouds
287,Valparaiso,CL,-33.0393,-71.6273,62.24,55,20,8.05,few clouds
288,Fethiye,TR,36.6217,29.1164,64.27,65,20,3.47,few clouds
289,Trairi,BR,-3.2778,-39.2689,81.25,74,13,13.6,few clouds
290,Talnakh,RU,69.4865,88.3972,28.54,96,100,4.03,overcast clouds
291,Clonakilty,IE,51.6231,-8.8706,58.21,94,100,14.5,overcast clouds
292,Ati,TD,13.2154,18.3353,92.01,16,9,8.03,clear sky
293,Dongsheng,CN,39.8161,109.9776,50.67,79,100,11.77,overcast clouds
294,Tadine,NC,-21.55,167.8833,70.2,67,72,9.1,broken clouds
295,Rafaela,AR,-31.2503,-61.4867,79.65,21,0,15.59,clear sky
296,Broome,US,42.2506,-75.833,76.19,66,40,1.01,scattered clouds
297,La Ronge,CA,55.1001,-105.2842,56.23,31,0,7.47,clear sky
298,Kralendijk,BQ,12.15,-68.2667,83.28,77,44,15.21,scattered clouds
299,Nanortalik,GL,60.1432,-45.2371,37.94,60,10,3.56,clear sky
300,Gombe,NG,10.2897,11.1673,81.19,49,96,2.06,overcast clouds
301,Merrill,US,45.1805,-89.6835,71.37,73,75,5.75,broken clouds
302,Luderitz,NA,-26.6481,15.1594,56.64,76,0,11.65,clear sky
303,Pershotravneve,UA,51.3929,28.8684,38.43,72,10,5.77,clear sky
304,Okha,RU,53.5739,142.9478,41.63,71,83,16.89,broken clouds
305,Weihai,CN,37.5017,122.1136,65.43,88,100,6.42,overcast clouds
306,Mariental,NA,-24.6333,17.9667,71.47,6,0,12.71,clear sky
307,Kuching,MY,1.55,110.3333,79.02,89,20,1.14,few clouds
308,Pratapgarh,IN,24.0333,74.7833,77.22,64,11,4.23,few clouds
309,San Cristobal,VE,7.7669,-72.225,80.78,69,43,5.53,scattered clouds
310,Sahuaripa,MX,29.05,-109.2333,96.51,21,6,4.09,clear sky
311,Atbasar,KZ,51.8,68.3333,40.96,69,0,5.64,clear sky
312,Zlitan,LY,32.4674,14.5687,73.89,62,0,9.69,clear sky
313,Mount Gambier,AU,-37.8333,140.7667,43.45,90,16,5.82,few clouds
314,Port Lincoln,AU,-34.7333,135.8667,54.3,92,100,8.14,overcast clouds
315,Cayenne,GF,4.9333,-52.3333,87.84,76,40,8.01,scattered clouds
316,Moron,AR,-34.6534,-58.6198,63.01,56,100,3.0,overcast clouds
317,Santa Ana,US,33.7456,-117.8678,72.64,68,75,1.01,broken clouds
318,Korla,CN,41.7597,86.1469,42.51,36,0,3.53,clear sky
319,Hamilton,US,39.1834,-84.5333,81.09,70,40,1.01,light rain
320,Bambous Virieux,MU,-20.3428,57.7575,69.22,74,12,9.8,few clouds
321,Olinda,BR,-8.0089,-34.8553,80.33,74,40,11.5,scattered clouds
322,Asfi,MA,32.2994,-9.2372,69.89,84,85,12.01,overcast clouds
323,Aklera,IN,24.4167,76.5667,77.61,66,0,4.34,clear sky
324,Sakaraha,MG,-22.9,44.5333,67.37,50,1,9.62,clear sky
325,Kimbe,PG,-5.5502,150.1429,75.34,91,94,4.0,overcast clouds
326,Kharp,RU,66.8014,65.8081,33.82,85,100,9.98,overcast clouds
327,Saint-Georges,GD,12.0564,-61.7485,83.88,79,75,11.5,broken clouds
328,Kostomuksha,RU,64.571,30.5767,44.73,98,100,3.76,overcast clouds
329,Kasongo-Lunda,CD,-6.4667,16.8167,74.71,81,50,3.11,scattered clouds
330,Tallahassee,US,30.4383,-84.2807,87.1,71,40,1.01,scattered clouds
331,Shiyan,CN,32.6475,110.7781,56.75,95,100,0.45,overcast clouds
332,Nantucket,US,41.2835,-70.0995,70.03,77,1,13.8,clear sky
333,Kavieng,PG,-2.5744,150.7967,81.52,77,100,5.08,light rain
334,Chirongui,YT,-12.9319,45.1483,75.13,70,0,3.65,clear sky
335,Mananjary,MG,-21.2167,48.3333,68.02,70,60,4.27,broken clouds
336,Weligama,LK,5.9667,80.4167,78.73,84,100,9.13,overcast clouds
337,Waingapu,ID,-9.6567,120.2641,75.92,82,69,3.91,broken clouds
338,Neuquen,AR,-38.9516,-68.0591,78.69,29,0,3.44,clear sky
339,Ayagoz,KZ,47.9714,80.4392,34.03,52,7,7.87,clear sky
340,Cabedelo,BR,-6.9811,-34.8339,81.27,78,100,13.35,overcast clouds
341,Clyde River,CA,70.4692,-68.5914,30.88,77,100,7.74,overcast clouds
342,Ghanzi,BW,-21.5667,21.7833,75.96,14,0,7.16,clear sky
343,Vallenar,CL,-28.5708,-70.7581,70.66,28,0,10.89,clear sky
344,Hambantota,LK,6.1241,81.1185,80.02,81,100,16.28,overcast clouds
345,Carutapera,BR,-1.195,-46.02,83.39,73,52,9.6,broken clouds
346,Buta,CD,2.7858,24.73,71.82,97,98,0.54,light rain
347,Mto Wa Mbu,TZ,-3.35,35.85,74.79,57,27,6.91,scattered clouds
348,Feijo,BR,-8.1642,-70.3536,89.17,52,100,2.37,overcast clouds
349,Dikson,RU,73.5069,80.5464,27.81,80,100,29.28,light snow
350,Alta Floresta,BR,-9.8756,-56.0861,90.91,41,56,3.6,broken clouds
351,Muscat,OM,23.6139,58.5922,82.42,48,1,4.59,clear sky
352,Havoysund,NO,70.9963,24.6622,38.28,72,100,13.09,overcast clouds
353,Yibin,CN,28.7667,104.6238,65.41,92,100,2.1,light rain
354,Rocha,UY,-34.4833,-54.3333,53.06,56,100,10.49,overcast clouds
355,Ordu,TR,40.9086,37.6845,46.9,91,73,2.46,broken clouds
356,Lata,PT,40.1629,-8.3327,62.08,84,26,2.13,scattered clouds
357,Nortelandia,BR,-14.4547,-56.8028,89.42,48,96,8.46,overcast clouds
358,Daru,PG,-9.0763,143.2092,78.8,89,100,14.07,overcast clouds
359,Waddan,LY,29.1614,16.139,79.83,30,0,10.07,clear sky
360,Zyryanka,RU,65.75,150.85,14.56,87,24,5.44,few clouds
361,Avera,US,33.194,-82.5271,81.72,72,67,3.4,broken clouds
362,Ushtobe,KZ,45.2514,77.9838,37.76,44,0,11.3,clear sky
363,Negombo,LK,7.2083,79.8358,80.13,83,94,12.91,light rain
364,Ancud,CL,-41.8697,-73.8203,61.43,70,0,5.55,clear sky
365,Falun,SE,60.6036,15.626,54.21,91,100,6.49,overcast clouds
366,Catamarca,AR,-28.4696,-65.7852,77.77,53,1,8.01,clear sky
367,Haines Junction,CA,60.7522,-137.5108,36.48,87,100,5.75,light rain
368,Roald,NO,62.5833,6.1333,61.16,100,90,2.3,light intensity drizzle
369,Alofi,NU,-19.0595,-169.9187,77.16,80,1,13.62,clear sky
370,Chateauroux,FR,46.8167,1.7,56.35,82,0,8.05,clear sky
371,Alyangula,AU,-13.8483,136.4192,78.76,79,22,9.4,few clouds
372,Primero De Enero,CU,21.9469,-78.4283,87.66,56,61,12.39,broken clouds
373,Port Hedland,AU,-20.3167,118.5667,69.85,83,0,10.36,clear sky
374,Buala,SB,-8.145,159.5921,79.99,83,78,8.08,light rain
375,Sapulpa,US,35.9987,-96.1142,93.76,40,1,11.5,clear sky
376,Porto Novo,BJ,6.4965,2.6036,78.98,85,100,5.73,light rain
377,Vizinga,RU,61.0749,50.1031,44.35,79,100,7.83,overcast clouds
378,Camacha,PT,33.0833,-16.3333,68.76,73,40,11.5,scattered clouds
379,Udachnyy,RU,66.4167,112.4,31.68,96,100,19.91,light snow
380,Itarema,BR,-2.9248,-39.9167,81.48,74,11,16.55,few clouds
381,Pedernales,DO,18.0384,-71.744,85.01,70,11,5.48,few clouds
382,Tianpeng,CN,30.9866,103.9393,62.37,91,100,1.99,overcast clouds
383,Phek,IN,25.6667,94.5,56.41,99,21,0.94,few clouds
384,Jalingo,NG,8.8833,11.3667,80.49,69,100,3.58,overcast clouds
385,Kloulklubed,PW,7.0419,134.2556,83.91,78,92,23.73,light rain
386,Wattegama,LK,6.7989,81.4808,77.0,80,100,8.43,overcast clouds
387,Henties Bay,NA,-22.116,14.2845,55.85,88,0,6.22,clear sky
388,Samarai,PG,-10.6167,150.6667,80.01,85,54,15.21,broken clouds
389,Oktyabrskiy,RU,54.4815,53.471,39.07,77,51,3.29,broken clouds
390,Watertown,US,42.3709,-71.1828,73.49,67,1,7.0,clear sky
391,Whitianga,NZ,-36.8333,175.7,60.03,81,71,10.07,broken clouds
392,Camargo,MX,27.6667,-105.1667,88.88,16,0,11.41,clear sky
393,Lasa,IT,46.6166,10.7002,50.61,93,44,0.67,scattered clouds
394,Elizabeth City,US,36.2946,-76.2511,77.0,70,40,13.8,scattered clouds
395,Iquique,CL,-20.2208,-70.1431,64.44,74,68,12.3,broken clouds
396,Nemuro,JP,43.3236,145.575,54.12,70,93,8.37,overcast clouds
397,Belyy Gorodok,RU,56.965,37.5125,38.86,76,38,4.68,scattered clouds
398,Saint-Joseph,RE,-21.3667,55.6167,66.58,80,28,13.8,light rain
399,Correntina,BR,-13.3433,-44.6367,98.37,14,17,9.26,few clouds
400,Yumen,CN,40.2833,97.2,30.65,48,9,13.4,clear sky
401,Iracoubo,GF,5.4802,-53.2011,84.02,73,87,13.27,overcast clouds
402,Guerrero Negro,MX,27.9769,-114.0611,77.36,59,27,20.87,scattered clouds
403,Maracaibo,VE,10.6317,-71.6406,90.39,55,14,5.14,few clouds
404,Kungurtug,RU,50.5994,97.5228,20.21,93,19,1.16,few clouds
405,Sitka,US,57.0531,-135.33,48.09,76,90,16.11,moderate rain
406,Glenwood Springs,US,39.5505,-107.3248,64.2,71,90,1.01,light rain
407,Quatre Cocos,MU,-20.2078,57.7625,69.1,75,14,10.67,few clouds
408,Tura,IN,25.5198,90.2201,73.04,92,4,1.72,clear sky
409,Sirjan,IR,29.452,55.6814,69.78,18,0,0.58,clear sky
410,Svetlyy,RU,54.675,20.1347,39.25,53,0,7.99,clear sky
411,Zhuhai,CN,22.2769,113.5678,82.11,83,75,32.21,light intensity shower rain
412,Ola,RU,59.5833,151.2833,30.27,62,25,6.08,scattered clouds
413,Jalu,LY,29.0331,21.5482,79.14,23,0,7.34,clear sky
414,Cabo San Lucas,MX,22.8909,-109.9124,97.9,43,1,0.0,clear sky
415,Tumpat,MY,6.1978,102.171,77.36,86,100,4.27,overcast clouds
416,Tunceli,TR,39.1083,39.5471,54.46,29,1,3.78,clear sky
417,Kulim,MY,5.365,100.5618,80.49,93,100,4.36,overcast clouds
418,Araguaina,BR,-7.1911,-48.2072,101.39,19,33,5.59,scattered clouds
419,Kifri,IQ,34.6959,44.9661,77.16,18,0,9.86,clear sky
420,Verkhnyaya Inta,RU,65.9811,60.3094,36.68,78,91,25.03,overcast clouds
421,Ofaqim,IL,31.3141,34.6203,73.74,67,0,8.52,clear sky
422,Lensk,RU,60.7253,114.9278,34.63,95,100,10.25,light rain
423,Merauke,ID,-8.4667,140.3333,77.41,92,94,7.72,overcast clouds
424,Tocopilla,CL,-22.092,-70.1979,67.39,65,21,13.98,few clouds
425,Dharmadam,IN,11.7833,75.4333,77.88,87,89,6.46,overcast clouds
426,Guna,IN,24.65,77.3167,75.6,52,0,4.79,clear sky
427,Tawau,MY,4.2498,117.8871,77.92,88,78,3.56,broken clouds
428,Cockburn Town,TC,21.4612,-71.1419,82.54,76,29,10.47,scattered clouds
429,Dudinka,RU,69.4058,86.1778,29.64,93,100,2.82,overcast clouds
430,Walvis Bay,NA,-22.9575,14.5053,56.08,73,0,8.41,clear sky
431,Kiama,AU,-34.6833,150.8667,54.37,88,68,6.71,broken clouds
432,Williamsburg,US,37.2707,-76.7075,75.9,70,90,0.0,overcast clouds
433,La Seyne-Sur-Mer,FR,43.0982,5.8847,66.88,62,13,1.01,few clouds
434,Zhanaozen,KZ,43.3,52.8,44.8,28,0,9.22,clear sky
435,Huarmey,PE,-10.0681,-78.1522,68.43,76,55,12.64,broken clouds
436,Mezen,RU,65.8522,44.24,37.13,80,100,8.37,overcast clouds
437,Kutum,SD,14.2,24.6667,80.92,19,8,11.88,clear sky
438,Araucaria,BR,-25.5931,-49.4103,61.56,96,100,5.84,overcast clouds
439,Tagusao,PH,9.1924,117.8141,81.45,76,99,9.95,overcast clouds
440,Termiz,UZ,37.2242,67.2783,53.69,37,0,9.22,clear sky
441,Tibati,CM,6.4667,12.6333,69.12,92,100,2.86,overcast clouds
442,Grand Forks,US,47.9417,-97.4337,73.33,75,75,14.97,haze
443,Kununurra,AU,-15.7667,128.7333,73.38,78,20,0.0,few clouds
444,Comodoro Rivadavia,AR,-45.8667,-67.5,76.86,20,0,19.57,clear sky
445,Vega De Alatorre,MX,20.0333,-96.6333,81.84,69,99,11.18,overcast clouds
446,Kyren,RU,51.6828,102.1408,27.91,92,89,1.95,overcast clouds
447,Lerwick,GB,60.1545,-1.1494,53.6,99,100,8.03,overcast clouds
448,Moba,CN,33.2288,105.0179,50.52,97,100,2.86,overcast clouds
449,Killybegs,IE,54.6333,-8.45,59.74,89,100,10.63,moderate rain
450,Boguchany,RU,58.3814,97.4531,37.72,97,100,11.5,overcast clouds
451,Coihaique,CL,-45.5752,-72.0662,57.81,54,75,6.91,broken clouds
452,Minab,IR,27.1467,57.0801,85.5,68,0,1.74,clear sky
453,Port Moresby,PG,-9.4431,147.1797,75.31,91,94,2.33,overcast clouds
454,Watsa,CD,3.0372,29.5355,64.47,96,97,3.15,overcast clouds
455,Kalakamati,BW,-20.5929,27.3121,73.72,35,6,2.93,clear sky
456,Marzuq,YE,14.4,46.4667,74.62,66,95,3.13,light rain
457,Manokwari,ID,-0.8667,134.0833,78.4,81,88,3.18,overcast clouds
458,Yar-Sale,RU,66.8333,70.8333,36.16,69,100,19.98,overcast clouds
459,Kidal,ML,18.4411,1.4078,87.6,9,0,11.27,clear sky
460,Tezu,IN,27.9167,96.1667,74.82,76,0,3.15,clear sky
461,Luang Prabang,LA,19.8856,102.1347,73.76,79,100,0.92,overcast clouds
462,Alpena,US,45.0617,-83.4327,69.12,92,90,3.0,overcast clouds
463,Deniliquin,AU,-35.5333,144.9667,48.0,67,83,5.12,broken clouds
464,Oistins,BB,13.0667,-59.5333,81.41,76,100,13.78,overcast clouds
465,Nicolas Bravo,MX,18.45,-88.9167,86.88,91,100,3.44,overcast clouds
466,Magadi,IN,12.9667,77.2333,70.14,96,100,5.12,moderate rain
467,Atkarsk,RU,51.8718,45.0078,41.04,63,3,4.59,clear sky
468,Micheweni,TZ,-4.9667,39.8333,78.01,80,5,14.05,clear sky
469,Faya,SA,18.3851,42.4509,68.52,48,100,15.7,overcast clouds
470,Tessalit,ML,20.1986,1.0114,88.66,10,0,10.09,clear sky
471,Dengzhou,CN,37.8086,120.7508,64.44,87,100,4.47,light rain
472,Bukachacha,RU,52.9833,116.9167,31.66,68,100,1.52,overcast clouds
473,Ucluelet,CA,48.9329,-125.5528,56.95,70,95,1.01,overcast clouds
474,Cherdyn,RU,60.403,56.4787,44.13,83,96,10.0,overcast clouds
475,Madaba,JO,31.5833,35.6667,75.88,36,0,4.09,clear sky
476,Kayerkan,RU,69.3497,87.7602,28.18,94,100,3.27,overcast clouds
477,Sarakhs,IR,36.5449,61.1577,52.72,46,8,6.62,clear sky
478,San Matias,BO,-16.3667,-58.4,101.91,27,84,4.45,broken clouds
479,Sangar,RU,63.9242,127.4739,18.88,88,53,3.22,broken clouds
480,Sept-Iles,CA,50.2001,-66.3821,48.63,68,11,5.01,few clouds
481,Sciacca,IT,37.5082,13.0881,64.47,76,3,7.58,clear sky
482,Babu,CN,24.4167,111.5167,66.92,95,100,6.58,overcast clouds
483,Karlshamn,SE,56.1706,14.8619,52.29,90,13,3.67,few clouds
484,Bathsheba,BB,13.2167,-59.5167,82.4,75,100,13.98,overcast clouds
485,Margate,GB,51.3813,1.3862,56.7,80,7,1.01,clear sky
486,San Carlos De Bariloche,AR,-41.1456,-71.3082,65.95,16,0,23.02,clear sky
487,Hualmay,PE,-11.0964,-77.6139,66.24,80,60,10.76,broken clouds
488,Dunda,TZ,-8.1167,34.25,71.6,57,9,5.14,clear sky
489,Kirakira,SB,-10.4544,161.9205,79.63,86,100,8.66,moderate rain
490,Praia,CV,14.9215,-23.5087,82.94,69,0,6.91,clear sky
491,Portage,US,41.1667,-81.1998,79.2,61,90,0.0,overcast clouds
492,Pisco,PE,-13.7,-76.2167,68.05,73,0,20.71,clear sky
493,Mount Pleasant,US,32.7941,-79.8626,77.02,93,20,3.0,few clouds
494,Bayan,CN,46.0833,127.4,45.57,64,100,6.96,overcast clouds
495,Katherine,AU,-14.4667,132.2667,82.72,57,21,5.75,few clouds
496,Vardo,NO,70.3705,31.1107,35.58,80,75,6.91,broken clouds
497,Gobabis,NA,-22.45,18.9667,69.58,11,0,9.69,clear sky
498,Rochegda,RU,62.8,43.25,41.5,89,100,3.2,light rain
499,Felanitx,ES,39.4696,3.1483,64.0,64,0,7.05,clear sky
500,Caernarfon,GB,53.1413,-4.2702,60.62,47,75,2.3,broken clouds
501,Port Hawkesbury,CA,45.6169,-61.3485,54.59,61,1,11.01,clear sky
502,Beziers,FR,43.3476,3.219,59.34,71,0,6.91,clear sky
503,Nishihara,JP,26.1842,127.7558,78.08,78,20,9.22,few clouds
504,Baguinge,PH,16.7777,121.1062,70.81,94,100,1.86,overcast clouds
505,Mount Isa,AU,-20.7333,139.5,64.17,36,0,0.0,clear sky
506,Waipawa,NZ,-41.4122,175.5153,55.02,69,99,8.57,overcast clouds
507,Zhangye,CN,38.9342,100.4517,36.28,54,99,12.37,overcast clouds
508,Vostok,RU,46.4856,135.8833,34.38,75,2,4.85,clear sky
509,Ewo,CG,-0.8725,14.8206,77.14,83,98,1.07,overcast clouds
510,Cefalu,IT,38.0386,14.0229,65.75,81,6,11.01,clear sky
511,Ust-Nera,RU,64.5667,143.2,22.28,95,99,5.97,light snow
512,Inhambane,MZ,-23.865,35.3833,70.66,67,0,11.77,clear sky
513,Ballina,AU,-28.8667,153.5667,64.58,87,31,5.1,scattered clouds
514,Pori,FI,61.4833,21.7833,53.67,94,90,5.75,overcast clouds
515,Morant Bay,JM,17.8815,-76.4093,88.63,71,45,8.99,scattered clouds
516,Acacias,CO,3.987,-73.758,80.46,77,82,2.91,broken clouds
517,Itupiranga,BR,-5.1347,-49.3267,91.72,39,82,3.13,broken clouds
518,Kaili,ID,-3.4626,120.2147,66.49,87,95,2.73,overcast clouds
519,Ust-Kut,RU,56.7938,105.7672,32.85,95,100,4.94,overcast clouds
520,Coxim,BR,-18.5067,-54.76,97.7,30,87,2.37,overcast clouds
521,Salalah,OM,17.0151,54.0924,80.69,83,0,2.3,clear sky
522,Muborak,UZ,39.2553,65.1528,50.74,20,36,6.89,scattered clouds
523,Nieves,PH,15.3274,120.9485,75.42,90,100,2.48,overcast clouds
524,Kautokeino,NO,69.0125,23.0412,34.05,99,100,5.28,overcast clouds
525,Biscarrosse,FR,44.3945,-1.1672,61.03,87,20,2.3,few clouds
526,Nokha,IN,27.6,73.4167,86.04,34,0,10.33,clear sky
527,Bodden Town,KY,19.2833,-81.25,89.6,71,40,5.01,scattered clouds
528,Kieta,PG,-6.2167,155.6333,79.07,88,100,7.05,moderate rain
529,Mossendjo,CG,-2.9506,12.7261,72.73,92,100,0.67,overcast clouds
530,Igarka,RU,67.4667,86.5833,36.86,98,100,7.58,light rain
531,Bowen,AU,-20.0167,148.2333,69.84,81,6,8.97,clear sky
532,Ahipara,NZ,-35.1667,173.1667,58.89,87,100,10.0,overcast clouds
533,Golkoy,TR,40.6875,37.6178,49.41,93,21,1.9,few clouds
534,Bogande,BF,12.9714,-0.1436,90.77,29,85,1.5,overcast clouds
535,Maceio,BR,-9.6658,-35.7353,81.84,78,0,11.5,clear sky
536,Wewak,PG,-3.5534,143.6268,79.34,85,96,6.26,overcast clouds
537,Healesville,AU,-37.65,145.5167,57.22,82,99,4.43,overcast clouds
538,Monroe,US,43.1501,-77.6831,77.95,80,75,8.05,broken clouds
539,Brae,GB,60.3964,-1.353,53.51,99,100,7.05,overcast clouds
540,Wanlaweyn,SO,2.6185,44.8938,78.67,68,0,17.52,clear sky
541,Churapcha,RU,62.0025,132.4325,24.28,95,72,6.26,broken clouds
542,Swellendam,ZA,-34.0226,20.4417,61.18,72,81,4.92,broken clouds
543,Maputo,MZ,-25.9653,32.5892,73.22,85,20,3.44,few clouds
544,Zhicheng,CN,30.2956,111.5047,64.8,76,100,2.01,light rain
545,Pochutla,MX,15.7432,-96.4661,90.82,55,91,5.84,overcast clouds
546,Chau Doc,VN,10.7,105.1167,78.46,86,100,11.92,light rain
547,Ixtapa,MX,20.7,-105.2,90.23,74,1,10.36,clear sky
548,Mildura,AU,-34.2,142.15,42.76,65,60,2.3,broken clouds
549,Lichtenburg,ZA,-26.152,26.1597,64.2,59,0,6.85,clear sky
550,Joensuu,FI,62.6012,29.7632,51.28,92,90,1.99,overcast clouds
551,Kudahuvadhoo,MV,2.6708,72.8944,83.75,68,15,13.73,few clouds
552,Shima,CN,24.4478,117.8111,84.22,89,100,2.53,light rain
553,Parnamirim,BR,-5.9156,-35.2628,82.74,78,40,17.27,scattered clouds
554,Bontang,ID,0.1333,117.5,76.6,89,100,7.76,overcast clouds
555,Kottapalli,IN,18.4833,79.1,77.22,85,79,3.51,broken clouds
556,Ambovombe,MG,-25.1667,46.0833,64.06,69,49,10.6,scattered clouds
557,Taoudenni,ML,22.6783,-3.9836,95.29,8,1,9.28,clear sky
558,Puerto Madero,MX,14.7208,-92.4215,89.8,70,40,8.05,scattered clouds
559,Los Llanos De Aridane,ES,28.6585,-17.9182,69.55,83,20,13.8,volcanic ash
560,Beloha,MG,-25.1667,45.05,65.19,61,52,13.15,broken clouds
561,Iwanai,JP,42.9744,140.5089,49.5,76,25,1.74,scattered clouds
562,Xining,CN,36.6167,101.7667,48.13,76,95,5.57,overcast clouds
563,Cap-Aux-Meules,CA,47.3821,-61.8597,48.25,71,75,17.27,broken clouds
564,Bay City,US,43.5945,-83.8889,72.64,89,90,8.05,overcast clouds
565,Puerto El Triunfo,SV,13.2833,-88.55,94.12,68,99,8.05,overcast clouds
566,Nelson Bay,AU,-32.7167,152.15,57.09,94,13,7.2,few clouds
567,Ardakan,IR,32.31,54.0175,68.38,37,0,8.95,clear sky
568,Reserva,BR,-24.6503,-50.8506,70.38,74,95,0.94,overcast clouds
569,Lichinga,MZ,-13.3128,35.2406,66.29,45,1,5.75,smoke
570,Bonavista,CA,48.6499,-53.1147,47.12,79,98,25.41,light rain
571,Marienburg,PL,54.0359,19.0266,49.95,50,0,7.31,clear sky
572,Chimbote,PE,-9.0853,-78.5783,67.3,78,84,13.15,broken clouds
573,Buritis,BR,-15.6178,-46.4233,93.2,25,96,4.52,overcast clouds
574,Helena,US,46.5927,-112.0361,60.98,63,99,1.99,overcast clouds
575,Barkhan,PK,29.8977,69.5256,75.25,21,0,3.69,clear sky
576,Menongue,AO,-14.6585,17.691,69.46,47,6,3.85,clear sky
577,Katsuura,JP,35.1333,140.3,71.71,84,18,4.88,few clouds
578,Ginda,IN,30.6945,78.4932,57.58,84,0,5.79,clear sky
579,Soyo,AO,-6.1349,12.3689,77.43,83,30,10.22,scattered clouds
580,Birao,CF,10.2849,22.7882,78.17,49,100,2.57,overcast clouds
581,Williams Lake,CA,52.1415,-122.1445,46.22,44,5,1.99,clear sky
582,Poum,NC,-20.2333,164.0167,71.87,73,9,10.07,clear sky
583,Krasnofarfornyy,RU,59.1364,31.8502,40.6,72,100,5.99,overcast clouds
584,Natitingou,BJ,10.3042,1.3796,77.77,71,86,2.21,overcast clouds
585,Kerrville,US,30.0474,-99.1403,88.63,41,1,5.01,clear sky
586,Bose,IT,45.4612,8.0137,59.76,77,47,3.22,scattered clouds
587,Gombong,ID,-7.6072,109.5142,80.1,88,92,4.97,overcast clouds
588,Daniel Flores,CR,9.3355,-83.6694,75.49,92,100,2.24,overcast clouds
589,Izhma,RU,65.0083,53.9113,38.84,78,100,13.51,overcast clouds
590,Necochea,AR,-38.5473,-58.7368,63.03,53,6,5.93,clear sky
591,Uribia,CO,11.7139,-72.266,93.69,44,5,15.28,clear sky
592,Portland,US,45.5234,-122.6762,61.39,68,40,1.01,scattered clouds
593,Moree,AU,-29.4667,149.85,57.22,82,0,9.22,clear sky
594,Oyama,JP,36.3,139.8,72.03,83,97,5.93,overcast clouds
595,Olga,RU,43.7444,135.2892,45.03,76,0,5.19,clear sky
596,The Pas,CA,53.8251,-101.2541,55.42,35,40,0.0,scattered clouds
597,Krasnoselkup,RU,65.7,82.4667,41.13,94,100,15.73,light rain
598,Kosum Phisai,TH,16.2486,103.0674,77.41,88,100,5.59,overcast clouds
599,Makinsk,KZ,52.6292,70.4169,35.31,75,0,7.74,clear sky
600,Gracac,HR,44.3006,15.8547,53.38,85,100,13.53,overcast clouds
601,Labuan,MY,5.2767,115.2417,79.16,89,20,1.14,few clouds
602,Madera,US,37.1666,-119.8343,66.52,71,73,1.01,broken clouds
603,Plettenberg Bay,ZA,-34.0527,23.3716,61.68,71,100,7.47,overcast clouds
604,Mhlume,SZ,-26.0333,31.85,67.86,69,0,3.89,clear sky
605,Ortakoy,TR,38.7373,34.0387,46.65,34,4,2.35,clear sky
606,Berdigestyakh,RU,62.0989,126.6992,30.52,98,100,5.17,light snow
607,Mahibadhoo,MV,3.7833,72.9667,83.48,74,23,15.61,few clouds
608,Seoul,KR,37.5683,126.9778,67.51,86,100,3.78,overcast clouds
609,Kibala,TD,9.1104,18.3463,80.55,94,0,0.0,clear sky
610,Nueva Loja,EC,0.0847,-76.8828,90.88,51,20,4.61,few clouds
611,Grand Gaube,MU,-20.0064,57.6608,72.0,74,0,3.0,clear sky
612,Saldanha,ZA,-33.0117,17.9442,60.85,86,88,8.25,overcast clouds
613,Diamantina,BR,-18.2494,-43.6003,69.91,72,98,4.09,overcast clouds
614,Vanavara,RU,60.34,102.2797,35.4,97,100,11.41,overcast clouds
615,Marystown,CA,47.1666,-55.1483,48.85,100,92,10.0,overcast clouds
616,Kagoro,NG,9.6,8.3833,72.41,78,99,2.19,overcast clouds
617,Chihuahua,MX,28.5,-106.0,85.03,23,3,10.04,clear sky
618,Bapatla,IN,15.9,80.4667,81.18,82,42,2.66,scattered clouds
619,Bilibino,RU,68.0546,166.4372,1.76,98,81,3.62,broken clouds
620,Flinders,AU,-34.5833,150.8552,55.2,85,86,1.01,overcast clouds
621,Misratah,LY,32.3754,15.0925,75.13,61,0,10.18,clear sky
622,Naze,JP,28.3667,129.4833,77.14,82,98,18.19,overcast clouds
623,Zlynka,RU,52.4267,31.7378,40.78,72,5,6.53,clear sky
624,Nha Trang,VN,12.25,109.1833,82.4,90,100,6.98,overcast clouds
625,Luoyang,CN,34.6836,112.4536,55.99,92,100,1.74,light rain
626,Beckley,US,37.7782,-81.1882,71.49,91,90,4.0,overcast clouds
627,Bairiki,KI,1.3292,172.9752,80.6,83,40,10.36,light rain
628,Manjacaze,MZ,-24.7117,33.8828,69.12,61,0,12.41,clear sky
629,La Rioja,ES,42.25,-2.5,55.04,55,0,4.81,clear sky
630,Vieux Fort,LC,13.7167,-60.95,83.55,78,40,14.97,scattered clouds
631,Burnie,AU,-41.0667,145.9167,50.94,85,66,7.16,broken clouds
632,Tabou,CI,4.423,-7.3528,77.77,89,97,7.7,light rain
633,Bureya,RU,49.8133,129.8131,39.45,77,63,8.48,broken clouds
634,Ulety,RU,51.3572,112.4849,33.17,70,100,2.82,overcast clouds
635,Langarud,IR,37.197,50.1535,58.98,89,100,2.91,overcast clouds
636,Brainerd,US,46.358,-94.2008,71.85,73,75,5.75,broken clouds
637,Mbuji-Mayi,CD,-6.15,23.6,75.79,70,6,1.74,clear sky
638,Kanpur,IN,26.4667,80.35,78.67,60,0,1.05,clear sky
639,Ratnagiri,IN,16.9833,73.3,78.08,91,100,6.73,overcast clouds
640,Moose Factory,CA,51.2585,-80.6094,73.4,60,1,10.36,clear sky
641,Makakilo City,US,21.3469,-158.0858,82.72,53,20,11.5,few clouds
642,Fuengirola,ES,36.54,-4.6247,73.09,84,20,4.61,few clouds
643,Camana,PE,-16.6228,-72.7111,64.96,84,83,10.11,broken clouds
644,Svetlogorsk,BY,52.6333,29.7333,39.36,81,2,6.13,clear sky
645,Byron Bay,AU,-28.65,153.6167,64.51,87,43,4.97,scattered clouds
646,Yarada,IN,17.65,83.2667,82.72,89,40,4.61,thunderstorm
647,Nurota,UZ,40.5614,65.6886,44.69,35,25,4.38,scattered clouds
648,Greenville,US,35.6127,-77.3663,81.1,68,40,5.75,scattered clouds
649,Tres Palos,MX,18.1833,-101.6167,86.61,68,89,2.57,overcast clouds
650,Lengshuijiang,CN,27.6881,111.4294,64.29,88,100,4.63,overcast clouds
651,San Quintin,MX,30.4833,-115.95,73.09,66,34,22.62,scattered clouds
652,Kharan,PK,28.5833,65.4167,79.38,14,0,9.1,clear sky
653,Richards Bay,ZA,-28.783,32.0377,68.61,89,56,8.5,broken clouds
654,Los Negros,BO,-17.7333,-63.4333,96.93,35,95,7.83,overcast clouds
655,Ndele,CF,8.4109,20.6473,76.55,66,57,2.08,broken clouds
656,Pedro Carbo,EC,-1.8333,-80.2333,87.28,36,54,3.31,broken clouds
657,Urumqi,CN,43.801,87.6005,31.15,80,0,4.47,clear sky
658,Okhotsk,RU,59.3833,143.3,25.14,79,23,10.13,few clouds
659,Aksarka,RU,66.5606,67.7975,35.67,71,99,16.28,overcast clouds
660,Tiarei,PF,-17.5333,-149.3333,80.62,73,13,1.3,few clouds
661,Anqing,CN,30.5092,117.0506,68.05,88,100,6.44,overcast clouds
662,Aktash,RU,50.3,87.7333,9.79,91,49,3.56,scattered clouds
663,North Bend,US,43.4065,-124.2243,60.94,89,75,5.75,broken clouds
664,Rock Sound,BS,24.9,-76.2,82.9,66,100,11.16,overcast clouds
665,Greifswald,DE,54.1,13.3833,55.11,88,0,8.46,clear sky
666,Megion,RU,61.0296,76.1136,44.62,79,100,20.76,overcast clouds
667,Marawi,PH,7.9986,124.2928,66.65,94,100,2.68,overcast clouds
668,Cassilandia,BR,-19.1133,-51.7342,93.67,29,97,3.53,overcast clouds
669,Ketchikan,US,55.3422,-131.6461,48.67,87,90,12.66,light rain
670,Padang,ID,-0.9492,100.3543,77.65,86,76,2.75,light rain
671,Palmer,US,42.1584,-72.3287,74.68,60,40,0.0,scattered clouds
672,Kaifeng,CN,34.7911,114.3483,56.26,93,100,5.88,light rain
673,Shagonar,RU,51.5333,92.8,34.32,60,38,1.81,scattered clouds
674,Iquitos,PE,-3.7481,-73.2472,91.44,55,40,5.75,scattered clouds
675,Whitehorse,CA,60.7161,-135.0538,34.57,93,90,13.0,light rain
676,Jiaozuo,CN,35.2397,113.2331,58.64,85,100,2.91,light rain
677,Agirish,RU,61.9247,63.0231,39.63,72,55,14.88,broken clouds
678,Vinh,VN,18.6667,105.6667,77.65,84,97,7.92,overcast clouds
679,Swan River,CA,52.1058,-101.2676,53.49,54,98,8.05,overcast clouds
680,Presidente Dutra,BR,-5.29,-44.49,91.85,41,82,3.67,broken clouds
681,Sal Rei,CV,16.1833,-22.9167,79.36,82,40,11.61,scattered clouds
682,Fuling,CN,29.7022,107.3919,67.35,80,18,2.42,few clouds
683,Westport,US,41.1415,-73.3579,76.05,71,20,1.01,few clouds
684,Rio Grande,BR,-32.035,-52.0986,64.51,67,82,14.63,broken clouds
685,Minbu,MM,20.1833,94.8833,78.53,87,66,3.6,broken clouds
686,Bilokurakyne,UA,49.5341,38.7307,39.18,43,0,8.61,clear sky
687,Gamba,GA,-2.65,10.0,77.11,89,100,6.85,overcast clouds
688,Bara,NG,10.3744,10.7288,81.03,54,97,2.19,overcast clouds
689,Merced,US,37.1666,-120.7516,71.06,24,4,7.27,clear sky
690,Inverell,AU,-29.7833,151.1167,56.16,89,0,1.01,clear sky
691,Badvel,IN,14.75,79.05,83.39,73,100,1.25,overcast clouds
692,Safaga,EG,26.7292,33.9365,82.65,46,0,13.56,clear sky
693,Tahta,EG,26.7693,31.5021,77.65,34,0,7.81,clear sky
694,Maniitsoq,GL,65.4167,-52.9,33.85,53,0,3.76,clear sky
695,Erdenet,MN,49.0333,104.0833,27.61,94,100,6.22,overcast clouds
696,Kashi,CN,39.4547,75.9797,56.41,19,40,8.95,dust
697,Fare,PF,-16.7,-151.0167,77.63,72,0,3.89,clear sky
698,Coffs Harbour,AU,-30.3,153.1333,62.13,95,75,5.75,broken clouds
699,Plavinas,LV,56.6178,25.7255,39.99,65,11,3.33,few clouds
700,Erzin,TR,36.9559,36.2,73.99,25,0,4.74,clear sky
701,Iguatu,BR,-6.3594,-39.2986,97.52,23,15,3.29,few clouds
702,Chuzhou,CN,32.3219,118.2978,71.71,95,92,4.99,light rain
703,Wanning,CN,18.8003,110.3967,79.23,88,100,12.08,heavy intensity rain
704,Phan Thiet,VN,10.9333,108.1,77.49,91,100,9.55,moderate rain
705,Sakakah,SA,29.9697,40.2064,83.77,19,2,13.8,clear sky
706,Cedar Lake,US,41.3648,-87.4411,77.72,76,45,6.98,scattered clouds
707,Linkou,CN,45.3,130.2833,43.05,59,60,2.51,broken clouds
708,Kurduvadi,IN,18.0833,75.4333,79.79,76,100,4.76,light rain
709,Khani,GE,41.9563,42.9566,53.17,77,18,5.77,few clouds
710,Pitsunda,GE,43.1592,40.3378,58.71,66,16,3.33,few clouds
711,Sabla,NG,12.7525,4.7077,91.62,28,88,5.7,overcast clouds
712,Marau,BR,-28.4492,-52.2,66.15,97,100,5.93,overcast clouds
713,Simiti,CO,7.9579,-73.9436,84.54,73,89,2.46,overcast clouds
714,Koygorodok,RU,60.445,50.9968,43.38,90,100,7.05,overcast clouds
